iso3,country,region,record_count
ABW,Aruba,Latin America & Caribbean ,4
AFG,Afghanistan,"Middle East, North Africa, Afghanistan & Pakistan",90
AGO,Angola,Sub-Saharan Africa ,94
ALB,Albania,Europe & Central Asia,145
AND,Andorra,Europe & Central Asia,6
ARE,United Arab Emirates,"Middle East, North Africa, Afghanistan & Pakistan",105
ARG,Argentina,Latin America & Caribbean ,2063
ARM,Armenia,Europe & Central Asia,66
ASM,American Samoa,East Asia & Pacific,21
ATG,Antigua and Barbuda,Latin America & Caribbean ,11
AUS,Australia,East Asia & Pacific,6632
AUT,Austria,Europe & Central Asia,519
AZE,Azerbaijan,Europe & Central Asia,128
BDI,Burundi,Sub-Saharan Africa ,65
BEL,Belgium,Europe & Central Asia,571
BEN,Benin,Sub-Saharan Africa ,249
BFA,Burkina Faso,Sub-Saharan Africa ,179
BGD,Bangladesh,South Asia,1161
BGR,Bulgaria,Europe & Central Asia,273
BHR,Bahrain,"Middle East, North Africa, Afghanistan & Pakistan",42
BHS,"Bahamas, The",Latin America & Caribbean ,150
BIH,Bosnia and Herzegovina,Europe & Central Asia,114
BLR,Belarus,Europe & Central Asia,68
BLZ,Belize,Latin America & Caribbean ,161
BMU,Bermuda,North America,31
BOL,Bolivia,Latin America & Caribbean ,402
BRA,Brazil,Latin America & Caribbean ,8631
BRB,Barbados,Latin America & Caribbean ,28
BRN,Brunei Darussalam,East Asia & Pacific,110
BTN,Bhutan,South Asia,105
BWA,Botswana,Sub-Saharan Africa ,168
CAF,Central African Republic,Sub-Saharan Africa ,49
CAN,Canada,North America,6794
CHE,Switzerland,Europe & Central Asia,833
CHL,Chile,Latin America & Caribbean ,1527
CHN,China,East Asia & Pacific,20593
CIV,Cote d'Ivoire,Sub-Saharan Africa ,163
CMR,Cameroon,Sub-Saharan Africa ,427
COD,"Congo, Dem. Rep.",Sub-Saharan Africa ,320
COG,"Congo, Rep.",Sub-Saharan Africa ,68
COL,Colombia,Latin America & Caribbean ,975
COM,Comoros,Sub-Saharan Africa ,23
CPV,Cabo Verde,Sub-Saharan Africa ,49
CRI,Costa Rica,Latin America & Caribbean ,433
CUB,Cuba,Latin America & Caribbean ,211
CUW,Curacao,Latin America & Caribbean ,13
CYM,Cayman Islands,Latin America & Caribbean ,24
CYP,Cyprus,Europe & Central Asia,130
CZE,Czechia,Europe & Central Asia,803
DEU,Germany,Europe & Central Asia,2513
DJI,Djibouti,"Middle East, North Africa, Afghanistan & Pakistan",15
DMA,Dominica,Latin America & Caribbean ,9
DNK,Denmark,Europe & Central Asia,721
DOM,Dominican Republic,Latin America & Caribbean ,66
DZA,Algeria,"Middle East, North Africa, Afghanistan & Pakistan",396
ECU,Ecuador,Latin America & Caribbean ,775
EGY,"Egypt, Arab Rep.","Middle East, North Africa, Afghanistan & Pakistan",955
ERI,Eritrea,Sub-Saharan Africa ,33
ESP,Spain,Europe & Central Asia,4517
EST,Estonia,Europe & Central Asia,373
ETH,Ethiopia,Sub-Saharan Africa ,1606
FIN,Finland,Europe & Central Asia,1005
FJI,Fiji,East Asia & Pacific,98
FRA,France,Europe & Central Asia,2598
FRO,Faroe Islands,Europe & Central Asia,31
FSM,"Micronesia, Fed. Sts.",East Asia & Pacific,36
GAB,Gabon,Sub-Saharan Africa ,89
GBR,United Kingdom,Europe & Central Asia,2882
GEO,Georgia,Europe & Central Asia,99
GHA,Ghana,Sub-Saharan Africa ,765
GIB,Gibraltar,Europe & Central Asia,7
GIN,Guinea,Sub-Saharan Africa ,47
GMB,"Gambia, The",Sub-Saharan Africa ,29
GNB,Guinea-Bissau,Sub-Saharan Africa ,50
GNQ,Equatorial Guinea,Sub-Saharan Africa ,33
GRC,Greece,Europe & Central Asia,1063
GRD,Grenada,Latin America & Caribbean ,11
GRL,Greenland,Europe & Central Asia,271
GTM,Guatemala,Latin America & Caribbean ,164
GUM,Guam,East Asia & Pacific,49
GUY,Guyana,Latin America & Caribbean ,83
HKG,"Hong Kong SAR, China",East Asia & Pacific,176
HND,Honduras,Latin America & Caribbean ,116
HRV,Croatia,Europe & Central Asia,502
HTI,Haiti,Latin America & Caribbean ,46
HUN,Hungary,Europe & Central Asia,464
IDN,Indonesia,East Asia & Pacific,1964
IMN,Isle of Man,Europe & Central Asia,4
IND,India,South Asia,6668
IRL,Ireland,Europe & Central Asia,562
IRN,"Iran, Islamic Rep.","Middle East, North Africa, Afghanistan & Pakistan",2005
IRQ,Iraq,"Middle East, North Africa, Afghanistan & Pakistan",186
ISL,Iceland,Europe & Central Asia,188
ISR,Israel,"Middle East, North Africa, Afghanistan & Pakistan",461
ITA,Italy,Europe & Central Asia,3837
JAM,Jamaica,Latin America & Caribbean ,69
JOR,Jordan,"Middle East, North Africa, Afghanistan & Pakistan",148
JPN,Japan,East Asia & Pacific,2056
KAZ,Kazakhstan,Europe & Central Asia,370
KEN,Kenya,Sub-Saharan Africa ,956
KGZ,Kyrgyz Republic,Europe & Central Asia,121
KHM,Cambodia,East Asia & Pacific,343
KIR,Kiribati,East Asia & Pacific,26
KNA,St. Kitts and Nevis,Latin America & Caribbean ,7
KOR,"Korea, Rep.",East Asia & Pacific,1264
KWT,Kuwait,"Middle East, North Africa, Afghanistan & Pakistan",136
LAO,Lao PDR,East Asia & Pacific,276
LBN,Lebanon,"Middle East, North Africa, Afghanistan & Pakistan",103
LBR,Liberia,Sub-Saharan Africa ,43
LBY,Libya,"Middle East, North Africa, Afghanistan & Pakistan",49
LCA,St. Lucia,Latin America & Caribbean ,10
LIE,Liechtenstein,Europe & Central Asia,22
LKA,Sri Lanka,South Asia,301
LSO,Lesotho,Sub-Saharan Africa ,47
LTU,Lithuania,Europe & Central Asia,310
LUX,Luxembourg,Europe & Central Asia,55
LVA,Latvia,Europe & Central Asia,225
MAC,"Macao SAR, China",East Asia & Pacific,20
MAR,Morocco,"Middle East, North Africa, Afghanistan & Pakistan",621
MCO,Monaco,Europe & Central Asia,4
MDA,Moldova,Europe & Central Asia,55
MDG,Madagascar,Sub-Saharan Africa ,384
MDV,Maldives,South Asia,53
MEX,Mexico,Latin America & Caribbean ,3457
MHL,Marshall Islands,East Asia & Pacific,16
MKD,North Macedonia,Europe & Central Asia,68
MLI,Mali,Sub-Saharan Africa ,74
MLT,Malta,"Middle East, North Africa, Afghanistan & Pakistan",70
MMR,Myanmar,East Asia & Pacific,316
MNE,Montenegro,Europe & Central Asia,93
MNG,Mongolia,East Asia & Pacific,385
MNP,Northern Mariana Islands,East Asia & Pacific,14
MOZ,Mozambique,Sub-Saharan Africa ,223
MRT,Mauritania,Sub-Saharan Africa ,63
MUS,Mauritius,Sub-Saharan Africa ,93
MWI,Malawi,Sub-Saharan Africa ,149
MYS,Malaysia,East Asia & Pacific,1042
NAM,Namibia,Sub-Saharan Africa ,246
NCL,New Caledonia,East Asia & Pacific,121
NER,Niger,Sub-Saharan Africa ,81
NGA,Nigeria,Sub-Saharan Africa ,1038
NIC,Nicaragua,Latin America & Caribbean ,93
NLD,Netherlands,Europe & Central Asia,863
NOR,Norway,Europe & Central Asia,1504
NPL,Nepal,South Asia,565
NRU,Naoero,East Asia & Pacific,2
NZL,New Zealand,East Asia & Pacific,1556
OMN,Oman,"Middle East, North Africa, Afghanistan & Pakistan",119
PAK,Pakistan,"Middle East, North Africa, Afghanistan & Pakistan",1484
PAN,Panama,Latin America & Caribbean ,220
PER,Peru,Latin America & Caribbean ,804
PHL,Philippines,East Asia & Pacific,578
PLW,Palau,East Asia & Pacific,46
PNG,Papua New Guinea,East Asia & Pacific,180
POL,Poland,Europe & Central Asia,1888
PRI,Puerto Rico (US),Latin America & Caribbean ,210
PRK,"Korea, Dem. People's Rep.",East Asia & Pacific,71
PRT,Portugal,Europe & Central Asia,1823
PRY,Paraguay,Latin America & Caribbean ,220
PSE,West Bank and Gaza,"Middle East, North Africa, Afghanistan & Pakistan",64
PYF,French Polynesia,East Asia & Pacific,149
QAT,Qatar,"Middle East, North Africa, Afghanistan & Pakistan",54
ROU,Romania,Europe & Central Asia,633
RUS,Russian Federation,Europe & Central Asia,2204
RWA,Rwanda,Sub-Saharan Africa ,126
SAU,Saudi Arabia,"Middle East, North Africa, Afghanistan & Pakistan",359
SDN,Sudan,Sub-Saharan Africa ,102
SEN,Senegal,Sub-Saharan Africa ,181
SGP,Singapore,East Asia & Pacific,215
SLB,Solomon Islands,East Asia & Pacific,59
SLE,Sierra Leone,Sub-Saharan Africa ,61
SLV,El Salvador,Latin America & Caribbean ,42
SOM,"Somalia, Fed. Rep.",Sub-Saharan Africa ,34
SRB,Serbia,Europe & Central Asia,304
SSD,South Sudan,Sub-Saharan Africa ,22
STP,Sao Tome and Principe,Sub-Saharan Africa ,32
SUR,Suriname,Latin America & Caribbean ,59
SVK,Slovak Republic,Europe & Central Asia,347
SVN,Slovenia,Europe & Central Asia,328
SWE,Sweden,Europe & Central Asia,1399
SWZ,Eswatini,Sub-Saharan Africa ,44
SXM,Sint Maarten (Dutch part),Latin America & Caribbean ,1
SYC,Seychelles,Sub-Saharan Africa ,68
SYR,Syrian Arab Republic,"Middle East, North Africa, Afghanistan & Pakistan",105
TCA,Turks and Caicos Islands,Latin America & Caribbean ,13
TCD,Chad,Sub-Saharan Africa ,43
TGO,Togo,Sub-Saharan Africa ,67
THA,Thailand,East Asia & Pacific,804
TJK,Tajikistan,Europe & Central Asia,95
TKM,Turkmenistan,Europe & Central Asia,118
TLS,Timor-Leste,East Asia & Pacific,27
TON,Tonga,East Asia & Pacific,17
TTO,Trinidad and Tobago,Latin America & Caribbean ,63
TUN,Tunisia,"Middle East, North Africa, Afghanistan & Pakistan",594
TUR,Turkiye,Europe & Central Asia,1900
TUV,Tuvalu,East Asia & Pacific,10
TZA,Tanzania,Sub-Saharan Africa ,620
UGA,Uganda,Sub-Saharan Africa ,477
UKR,Ukraine,Europe & Central Asia,510
URY,Uruguay,Latin America & Caribbean ,289
USA,United States,North America,25667
UZB,Uzbekistan,Europe & Central Asia,175
VCT,St. Vincent and the Grenadines,Latin America & Caribbean ,5
VEN,"Venezuela, RB",Latin America & Caribbean ,215
VGB,British Virgin Islands,Latin America & Caribbean ,7
VIR,Virgin Islands (U.S.),Latin America & Caribbean ,60
VNM,Viet Nam,East Asia & Pacific,1013
VUT,Vanuatu,East Asia & Pacific,29
WSM,Samoa,East Asia & Pacific,13
YEM,"Yemen, Rep.","Middle East, North Africa, Afghanistan & Pakistan",52
ZAF,South Africa,Sub-Saharan Africa ,2490
ZMB,Zambia,Sub-Saharan Africa ,236
ZWE,Zimbabwe,Sub-Saharan Africa ,329
